{"cameraMode":{"drawMode":31,"name":"Sprite Mask","section":"Miscellaneous"},"sceneLighting":true,"audioPlay":false,"sceneViewState":{"showFog":true,"showMaterialUpdate":false,"showSkybox":true,"showFlares":true,"showImageEffects":true,"showParticleSystems":true},"in2DMode":false,"pivot":{"x":0.09999999403953552,"y":1.399999976158142,"z":-0.4986499547958374},"rotation":{"x":0.2841781973838806,"y":0.4386584758758545,"z":-0.14848798513412476,"w":0.839507520198822},"size":0.20791074633598329,"orthographic":true}